layer,analysis,dependent_variable,core_variable,sample_group,observations,firms,coefficient,coefficient_scaled_millions,standard_error,t_statistic,p_value,significance,covariance,covariance_label,ci_lower,ci_upper,within_r_squared
reproduced_sensitivity,Baseline,AEM_w,CEO_age_w,Full sample,12529,2944,4727401.704767835,4.727401704767836,1811139.647769461,2.6101806730308983,0.009063542714811579,***,robust,heteroskedastic robust,1177184.1178956446,8277619.2916400265,0.047993166308007984
reproduced_sensitivity,Baseline,REM,CEO_age_w,Full sample,12529,2944,-0.0020135102360512957,,0.001074907645241604,-1.873193706421843,0.06107210455677259,*,robust,heteroskedastic robust,-0.004120557051077386,9.353657897479386e-05,0.00022702339909974611
reproduced_sensitivity,Median split,AEM_w,CEO_age_w,Young CEO,5749,1820,7112523.683835314,7.112523683835314,4075673.991444514,1.7451159486174872,0.0810432052440273,*,robust,heteroskedastic robust,-878122.8285601093,15103170.196230736,0.03335581689719069
reproduced_sensitivity,Median split,AEM_w,CEO_age_w,Senior CEO,6780,1924,13187270.380944721,13.187270380944721,7086835.923539637,1.8608121484994282,0.06283131805181696,*,robust,heteroskedastic robust,-706147.8981807977,27080688.66007024,0.020274177715243757
reproduced_sensitivity,Median split,REM,CEO_age_w,Young CEO,5749,1820,-0.0020902657097639434,,0.001938134561586598,-1.078493594403893,0.280880032724909,,robust,heteroskedastic robust,-0.0058901153070586585,0.0017095838875307717,0.004669239297651617
reproduced_sensitivity,Median split,REM,CEO_age_w,Senior CEO,6780,1924,-0.000793208988987227,,0.0032867158555793872,-0.24133786546856784,0.8093034909464101,,robust,heteroskedastic robust,-0.007236665369079464,0.005650247391105009,0.0024429319944487826
reproduced_sensitivity,Ownership,AEM_w,CEO_age_w,Non-SOE,11093,2460,4889577.17444976,4.88957717444976,1968529.0976350885,2.4838734567469185,0.013015060742792794,**,robust,heteroskedastic robust,1030788.9642103878,8748365.384689132,0.05187098569738613
reproduced_sensitivity,Ownership,AEM_w,CEO_age_w,SOE,1436,484,5311495.696258628,5.3114956962586275,5354002.06652161,0.9920608229629246,0.32142451734813227,,robust,heteroskedastic robust,-5195756.9421852,15818748.334702455,0.025128078013198274
reproduced_sensitivity,Ownership,REM,CEO_age_w,Non-SOE,11093,2460,-0.002298213674176366,,0.0012346688826990362,-1.8614008228282046,0.06272162374563583,*,robust,heteroskedastic robust,-0.004718460209435676,0.00012203286108294388,-7.868394812193813e-05
reproduced_sensitivity,Ownership,REM,CEO_age_w,SOE,1436,484,-0.0010465614375762184,,0.001258379350398249,-0.8316740395056587,0.40580530314863217,,robust,heteroskedastic robust,-0.0035161364555450435,0.0014230135803926067,0.01313083321473707
reproduced_sensitivity,Auditor groups,AEM_w,CEO_age_w,Big Four,593,155,-27533040.138842836,-27.533040138842836,16542640.350080622,-1.6643679337868607,0.09678297032312289,*,robust,heteroskedastic robust,-60049498.70983204,4983418.432146374,0.07989829128428305
reproduced_sensitivity,Auditor groups,AEM_w,CEO_age_w,Non-Big Four,11936,2789,5682591.732813521,5.682591732813521,1811822.8872964324,3.1363947175283653,0.0017158216676547156,***,robust,heteroskedastic robust,2131013.295421355,9234170.170205688,0.04706317502739599
reproduced_sensitivity,Auditor groups,REM,CEO_age_w,Big Four,593,155,-0.002740674276511705,,0.004740571574824752,-0.5781316099236454,0.5634843726947434,,robust,heteroskedastic robust,-0.012058811886560567,0.006577463333537158,0.019018949427867526
reproduced_sensitivity,Auditor groups,REM,CEO_age_w,Non-Big Four,11936,2789,-0.002003879278458979,,0.0011015632905141321,-1.8191231459099453,0.06892538534985149,*,robust,heteroskedastic robust,-0.004163189913865841,0.00015543135694788286,0.0002320726465344647
reproduced_sensitivity,Fixed age bands,AEM_w,MidAge,Full sample,12529,2944,35959838.54521637,35.959838545216364,22383840.96420748,1.60650884728485,0.10819515469024044,,robust,heteroskedastic robust,-7917234.656538397,79836911.74697113,0.049798244102865596
reproduced_sensitivity,Fixed age bands,AEM_w,OldAge,Full sample,12529,2944,79348939.98690878,79.34893998690877,27398254.368978016,2.896131224942291,0.0037865021011689315,***,robust,heteroskedastic robust,25642553.559743196,133055326.41407436,0.049798244102865596
reproduced_sensitivity,Fixed age bands,REM_w,MidAge,Full sample,12529,2944,-0.021696002823835263,,0.007467678799903414,-2.905320837328445,0.0036771753309117194,***,robust,heteroskedastic robust,-0.036334236265293925,-0.007057769382376603,0.004874425156595974
reproduced_sensitivity,Fixed age bands,REM_w,OldAge,Full sample,12529,2944,-0.026285947670895298,,0.009416983479180649,-2.791334160138336,0.0052595306670522035,***,robust,heteroskedastic robust,-0.044745231496063145,-0.007826663845727454,0.004874425156595974
reproduced_sensitivity,Baseline,AEM_w,CEO_age_w,Full sample,12529,2944,4727401.704767835,4.727401704767836,2244494.07802534,2.106221509359876,0.03521109257157584,**,cluster_firm,firm clustered,327717.58364017215,9127085.8258955,0.047993166308007984
reproduced_sensitivity,Baseline,REM,CEO_age_w,Full sample,12529,2944,-0.0020135102360512957,,0.0011728468020997783,-1.7167717322044582,0.08605325251530926,*,cluster_firm,firm clustered,-0.0043125385570587415,0.00028551808495615,0.00022702339909974611
reproduced_sensitivity,Median split,AEM_w,CEO_age_w,Young CEO,5749,1820,7112523.683835314,7.112523683835314,5173923.113991887,1.3746867758047758,0.16930730688686246,,cluster_firm,firm clustered,-3031317.7453385675,17256365.113009196,0.03335581689719069
reproduced_sensitivity,Median split,AEM_w,CEO_age_w,Senior CEO,6780,1924,13187270.380944721,13.187270380944721,8909869.567399515,1.4800744591364017,0.13891847623995623,,cluster_firm,firm clustered,-4280122.126500882,30654662.888390325,0.020274177715243757
reproduced_sensitivity,Median split,REM,CEO_age_w,Young CEO,5749,1820,-0.0020902657097639434,,0.002837123832227866,-0.7367551905982728,0.4613154173063274,,cluster_firm,firm clustered,-0.0076526472208500625,0.003472115801322176,0.004669239297651617
reproduced_sensitivity,Median split,REM,CEO_age_w,Senior CEO,6780,1924,-0.000793208988987227,,0.0032630642543335754,-0.24308714973472878,0.8079481890330362,,cluster_firm,firm clustered,-0.007190297484649168,0.0056038795066747134,0.0024429319944487826
reproduced_sensitivity,Ownership,AEM_w,CEO_age_w,Non-SOE,11093,2460,4889577.17444976,4.88957717444976,2452167.250834737,1.9939819246771644,0.04618549479484635,**,cluster_firm,firm clustered,82742.42233768012,9696411.92656184,0.05187098569738613
reproduced_sensitivity,Ownership,AEM_w,CEO_age_w,SOE,1436,484,5311495.696258628,5.3114956962586275,5869151.825972776,0.904985226784158,0.36570633990757107,,cluster_firm,firm clustered,-6206740.614200021,16829732.006717276,0.025128078013198274
reproduced_sensitivity,Ownership,REM,CEO_age_w,Non-SOE,11093,2460,-0.002298213674176366,,0.0013344135540432843,-1.7222649359434032,0.08505742424111484,*,cluster_firm,firm clustered,-0.0049139836397369,0.00031755629138416775,-7.868394812193813e-05
reproduced_sensitivity,Ownership,REM,CEO_age_w,SOE,1436,484,-0.0010465614375762184,,0.0014564200835086906,-0.7185848708258172,0.4725762662912121,,cluster_firm,firm clustered,-0.0039047922665888246,0.0018116693914363878,0.01313083321473707
reproduced_sensitivity,Auditor groups,AEM_w,CEO_age_w,Big Four,593,155,-27533040.138842836,-27.533040138842836,22993261.936974786,-1.1974395026817732,0.23180906279153568,,cluster_firm,firm clustered,-72728935.91867825,17662855.640992574,0.07989829128428305
reproduced_sensitivity,Auditor groups,AEM_w,CEO_age_w,Non-Big Four,11936,2789,5682591.732813521,5.682591732813521,2230905.030422507,2.5472136443823903,0.010874951290656965,**,cluster_firm,firm clustered,1309518.4829545412,10055664.982672501,0.04706317502739599
reproduced_sensitivity,Auditor groups,REM,CEO_age_w,Big Four,593,155,-0.002740674276511705,,0.0073756569048876305,-0.37158375340039757,0.7103897255850138,,cluster_firm,firm clustered,-0.017238374589535817,0.011757026036512408,0.019018949427867526
reproduced_sensitivity,Auditor groups,REM,CEO_age_w,Non-Big Four,11936,2789,-0.002003879278458979,,0.0011873868632329353,-1.6876380735786096,0.0915148823864258,*,cluster_firm,firm clustered,-0.004331423328083768,0.00032366477116580914,0.0002320726465344647
reproduced_sensitivity,Fixed age bands,AEM_w,MidAge,Full sample,12529,2944,35959838.54521637,35.959838545216364,26628584.32152441,1.3504224674891678,0.17691245085574603,,cluster_firm,firm clustered,-16237831.434788935,88157508.52522168,0.049798244102865596
reproduced_sensitivity,Fixed age bands,AEM_w,OldAge,Full sample,12529,2944,79348939.98690878,79.34893998690877,33912464.80297388,2.33981636097269,0.019313676800543078,**,cluster_firm,firm clustered,12873320.231061392,145824559.74275616,0.049798244102865596
reproduced_sensitivity,Fixed age bands,REM_w,MidAge,Full sample,12529,2944,-0.021696002823835263,,0.010044154328152644,-2.1600626707839194,0.030792575340264916,**,cluster_firm,firm clustered,-0.041384674460252915,-0.002007331187417607,0.004874425156595974
reproduced_sensitivity,Fixed age bands,REM_w,OldAge,Full sample,12529,2944,-0.026285947670895298,,0.012753857974672123,-2.061019318475754,0.03932816170031761,**,cluster_firm,firm clustered,-0.051286212855690655,-0.0012856824860999413,0.004874425156595974
reproduced_sensitivity,Baseline,AEM_w,CEO_age_w,Full sample,12529,2944,4727401.704767835,4.727401704767836,2137375.258037607,2.2117789971557054,0.027005480499073586,**,cluster_year,year clustered,537693.1750164665,8917110.234519204,0.047993166308007984
reproduced_sensitivity,Baseline,REM,CEO_age_w,Full sample,12529,2944,-0.0020135102360512957,,0.0008533897225724081,-2.359426394287815,0.01832318558110435,**,cluster_year,year clustered,-0.003686334971164264,-0.00034068550093832757,0.00022702339909974611
reproduced_sensitivity,Median split,AEM_w,CEO_age_w,Young CEO,5749,1820,7112523.683835314,7.112523683835314,3660131.3135707434,1.9432427622102149,0.05205847084535686,*,cluster_year,year clustered,-63422.08049398288,14288469.44816461,0.03335581689719069
reproduced_sensitivity,Median split,AEM_w,CEO_age_w,Senior CEO,6780,1924,13187270.380944721,13.187270380944721,9055519.584977513,1.4562687714597293,0.14538321208878302,,cluster_year,year clustered,-4565662.336321685,30940203.09821113,0.020274177715243757
reproduced_sensitivity,Median split,REM,CEO_age_w,Young CEO,5749,1820,-0.0020902657097639434,,0.002145400828920669,-0.9743007840709823,0.32996745583721765,,cluster_year,year clustered,-0.006296475452567554,0.0021159440330396667,0.004669239297651617
reproduced_sensitivity,Median split,REM,CEO_age_w,Senior CEO,6780,1924,-0.000793208988987227,,0.0035161494109579167,-0.22559023985591395,0.8215296592979018,,cluster_year,year clustered,-0.007686459379626939,0.006100041401652484,0.0024429319944487826
reproduced_sensitivity,Ownership,AEM_w,CEO_age_w,Non-SOE,11093,2460,4889577.17444976,4.88957717444976,2374670.4868612,2.0590550147918507,0.039518956062762456,**,cluster_year,year clustered,234654.62902644463,9544499.719873074,0.05187098569738613
reproduced_sensitivity,Ownership,AEM_w,CEO_age_w,SOE,1436,484,5311495.696258628,5.3114956962586275,5563124.620824486,0.9547684185207835,0.33994159562846527,,cluster_year,year clustered,-5606160.876131483,16229152.26864874,0.025128078013198274
reproduced_sensitivity,Ownership,REM,CEO_age_w,Non-SOE,11093,2460,-0.002298213674176366,,0.0010007524116756115,-2.296485771469037,0.021672002267066892,**,cluster_year,year clustered,-0.004259927936963616,-0.000336499411389116,-7.868394812193813e-05
reproduced_sensitivity,Ownership,REM,CEO_age_w,SOE,1436,484,-0.0010465614375762184,,0.0013732534815678152,-0.7621036113313769,0.4461903645435057,,cluster_year,year clustered,-0.0037415774439540257,0.0016484545688015889,0.01313083321473707
reproduced_sensitivity,Auditor groups,AEM_w,CEO_age_w,Big Four,593,155,-27533040.138842836,-27.533040138842836,12809221.407043295,-2.149470234287892,0.032166425072024385,**,cluster_year,year clustered,-52711035.21063448,-2355045.0670511946,0.07989829128428305
reproduced_sensitivity,Auditor groups,AEM_w,CEO_age_w,Non-Big Four,11936,2789,5682591.732813521,5.682591732813521,2050667.6669408265,2.7710934465021224,0.0055981440663490645,***,cluster_year,year clustered,1662824.061685328,9702359.403941715,0.04706317502739599
reproduced_sensitivity,Auditor groups,REM,CEO_age_w,Big Four,593,155,-0.002740674276511705,,0.002973021264247665,-0.9218481917603247,0.35713573352387895,,cluster_year,year clustered,-0.008584488850471661,0.0031031402974482513,0.019018949427867526
reproduced_sensitivity,Auditor groups,REM,CEO_age_w,Non-Big Four,11936,2789,-0.002003879278458979,,0.000847292227907803,-2.3650391357974647,0.01804895536112161,**,cluster_year,year clustered,-0.0036647617123361834,-0.00034299684458177467,0.0002320726465344647
reproduced_sensitivity,Fixed age bands,AEM_w,MidAge,Full sample,12529,2944,35959838.54521637,35.959838545216364,16886883.425919957,2.1294538274612007,0.03324218908857701,**,cluster_year,year clustered,2857967.3599542603,69061709.73047847,0.049798244102865596
reproduced_sensitivity,Fixed age bands,AEM_w,OldAge,Full sample,12529,2944,79348939.98690878,79.34893998690877,32552569.195563484,2.4375630540929185,0.01480472336875982,**,cluster_year,year clustered,15539003.891363584,143158876.08245397,0.049798244102865596
reproduced_sensitivity,Fixed age bands,REM_w,MidAge,Full sample,12529,2944,-0.021696002823835263,,0.007949623359795134,-2.7291862572460768,0.0063606892748748756,***,cluster_year,year clustered,-0.03727894976497301,-0.006113055882697518,0.004874425156595974
reproduced_sensitivity,Fixed age bands,REM_w,OldAge,Full sample,12529,2944,-0.026285947670895298,,0.009679611820022532,-2.7155993607638402,0.006627470523440815,***,cluster_year,year clustered,-0.045260038715896456,-0.007311856625894141,0.004874425156595974
reproduced_sensitivity,Baseline,AEM_w,CEO_age_w,Full sample,12529,2944,4727401.704767835,4.727401704767836,2515134.158696045,1.8795823230434459,0.06019538803024882,*,cluster_two_way,firm and year two-way clustered,-202794.33756533638,9657597.747101007,0.047993166308007984
reproduced_sensitivity,Baseline,REM,CEO_age_w,Full sample,12529,2944,-0.0020135102360512957,,0.0009738671336424851,-2.0675410089262467,0.03871002654599209,**,cluster_two_way,firm and year two-way clustered,-0.003922496232461031,-0.00010452423964156087,0.00022702339909974611
reproduced_sensitivity,Median split,AEM_w,CEO_age_w,Young CEO,5749,1820,7112523.683835314,7.112523683835314,4853341.440445273,1.4654900692877628,0.14286762525906038,,cluster_two_way,firm and year two-way clustered,-2402794.748396109,16627842.116066735,0.03335581689719069
reproduced_sensitivity,Median split,AEM_w,CEO_age_w,Senior CEO,6780,1924,13187270.380944721,13.187270380944721,10543479.845611298,1.2507512295794727,0.21108572519136848,,cluster_two_way,firm and year two-way clustered,-7482740.494577736,33857281.25646718,0.020274177715243757
reproduced_sensitivity,Median split,REM,CEO_age_w,Young CEO,5749,1820,-0.0020902657097639434,,0.002982557757581965,-0.7008299183646236,0.4834508459634028,,cluster_two_way,firm and year two-way clustered,-0.007937780695915577,0.00375724927638769,0.004669239297651617
reproduced_sensitivity,Median split,REM,CEO_age_w,Senior CEO,6780,1924,-0.000793208988987227,,0.0034940512149612625,-0.2270169897884628,0.8204201207933299,,cluster_two_way,firm and year two-way clustered,-0.007643136875267015,0.0060567188972925606,0.0024429319944487826
reproduced_sensitivity,Ownership,AEM_w,CEO_age_w,Non-SOE,11093,2460,4889577.17444976,4.88957717444976,2788741.1746162465,1.7533277089160506,0.07958132943821217,*,cluster_two_way,firm and year two-way clustered,-577023.0291978754,10356177.378097394,0.05187098569738613
reproduced_sensitivity,Ownership,AEM_w,CEO_age_w,SOE,1436,484,5311495.696258628,5.3114956962586275,6060524.777181051,0.8764085440682216,0.38103308038842987,,cluster_two_way,firm and year two-way clustered,-6582310.87389107,17205302.266408324,0.025128078013198274
reproduced_sensitivity,Ownership,REM,CEO_age_w,Non-SOE,11093,2460,-0.002298213674176366,,0.001121497959331043,-2.0492357164405512,0.04046928915501602,**,cluster_two_way,firm and year two-way clustered,-0.004496618111516497,-9.980923683623483e-05,-7.868394812193813e-05
reproduced_sensitivity,Ownership,REM,CEO_age_w,SOE,1436,484,-0.0010465614375762184,,0.0015567485329290877,-0.6722739192868029,0.501575419227178,,cluster_two_way,firm and year two-way clustered,-0.004101687290495366,0.0020085644153429293,0.01313083321473707
reproduced_sensitivity,Auditor groups,AEM_w,CEO_age_w,Big Four,593,155,-27533040.138842836,-27.533040138842836,20472110.243081298,-1.3449048394094025,0.1793800246910877,,cluster_two_way,firm and year two-way clustered,-67773322.85626483,12707242.57857915,0.07989829128428305
reproduced_sensitivity,Auditor groups,AEM_w,CEO_age_w,Non-Big Four,11936,2789,5682591.732813521,5.682591732813521,2428883.06842256,2.339590491898025,0.019326332125628953,**,cluster_two_way,firm and year two-way clustered,921437.210900737,10443746.254726306,0.04706317502739599
reproduced_sensitivity,Auditor groups,REM,CEO_age_w,Big Four,593,155,-0.002740674276511705,,0.006384837614242739,-0.42924729524804944,0.6679628459686875,,cluster_two_way,firm and year two-way clustered,-0.015290805535637204,0.009809456982613795,0.019018949427867526
reproduced_sensitivity,Auditor groups,REM,CEO_age_w,Non-Big Four,11936,2789,-0.002003879278458979,,0.0009562165023899123,-2.0956334401786614,0.03614218937553848,**,cluster_two_way,firm and year two-way clustered,-0.0038782776731244367,-0.0001294808837935214,0.0002320726465344647
reproduced_sensitivity,Fixed age bands,AEM_w,MidAge,Full sample,12529,2944,35959838.54521637,35.959838545216364,22208376.764144853,1.6192015709708725,0.10543686157316512,,cluster_two_way,firm and year two-way clustered,-7573287.629629739,79492964.72006246,0.049798244102865596
reproduced_sensitivity,Fixed age bands,AEM_w,OldAge,Full sample,12529,2944,79348939.98690878,79.34893998690877,38197652.90927782,2.0773250172037594,0.037798185863796574,**,cluster_two_way,firm and year two-way clustered,4473443.171344981,154224436.8024726,0.049798244102865596
reproduced_sensitivity,Fixed age bands,REM_w,MidAge,Full sample,12529,2944,-0.021696002823835263,,0.010407464680306223,-2.0846578384157333,0.03712682516159127,**,cluster_two_way,firm and year two-way clustered,-0.0420968397647638,-0.0012951658829067278,0.004874425156595974
reproduced_sensitivity,Fixed age bands,REM_w,OldAge,Full sample,12529,2944,-0.026285947670895298,,0.01294898453073703,-2.029962087644811,0.042388007930128646,**,cluster_two_way,firm and year two-way clustered,-0.05166870226837709,-0.000903193073413508,0.004874425156595974
